module_presentation,date,normalized_date,total_click,relative_click,assessment_type
FFF_2014B,-18,-0.07468879668049792,13344,1.1569868319835301,
FFF_2014B,-1,-0.004149377593360996,11155,0.9671903560234023,
FFF_2014B,0,0.0,23062,1.9995826078540297,
FFF_2014B,1,0.004149377593360996,25756,2.2331649313974675,
FFF_2014B,2,0.008298755186721992,24829,2.1527897220712733,
FFF_2014B,3,0.012448132780082987,24187,2.0971253376188286,
FFF_2014B,4,0.016597510373443983,21414,1.856693346829685,
FFF_2014B,5,0.02074688796680498,19645,1.7033128233150818,
FFF_2014B,6,0.024896265560165973,17753,1.5392676280128605,
FFF_2014B,7,0.029045643153526972,16969,1.471291183447881,
FFF_2014B,8,0.03319502074688797,18605,1.613139988688068,
FFF_2014B,9,0.03734439834024896,20725,1.7969538438892885,
FFF_2014B,10,0.04149377593360996,20984,1.819410347897362,
FFF_2014B,11,0.04564315352697095,18121,1.5711749387270348,
FFF_2014B,12,0.04979253112033195,18397,1.5951054217626652,
FFF_2014B,13,0.05394190871369295,14402,1.2487203502867807,
FFF_2014B,14,0.058091286307053944,17134,1.4855974504800515,
FFF_2014B,15,0.06224066390041494,19421,1.683890982010802,
FFF_2014B,16,0.06639004149377593,22884,1.9841491803890217,
FFF_2014B,17,0.07053941908713693,22211,1.9257969518275022,
FFF_2014B,18,0.07468879668049792,24841,2.1538301778554314,
FFF_2014B,19,0.07883817427385892,20409,1.769555174906465,
FFF_2014B,20,0.08298755186721991,18645,1.616608174635261,
FFF_2014B,21,0.08713692946058091,19929,1.727936943540151,
FFF_2014B,22,0.0912863070539419,30063,2.606601853261456,
FFF_2014B,23,0.0954356846473029,34114,2.9578423850634104,
FFF_2014B,24,0.0995850622406639,25096,2.1759398632687854,TMA
FFF_2014B,25,0.1037344398340249,19462,1.6874458726066746,
FFF_2014B,26,0.1078838174273859,15951,1.3830258510918234,
FFF_2014B,27,0.11203319502074689,12787,1.10869234266887,
FFF_2014B,28,0.11618257261410789,12122,1.051033751296789,
FFF_2014B,29,0.12033195020746888,16548,1.4347885263536764,
FFF_2014B,30,0.12448132780082988,20682,1.793225543996056,
FFF_2014B,31,0.12863070539419086,17882,1.5504525276925576,
FFF_2014B,32,0.13278008298755187,17732,1.5374468303905844,
FFF_2014B,33,0.13692946058091288,16584,1.43790989370615,
FFF_2014B,34,0.14107883817427386,11815,1.024415424152084,
FFF_2014B,35,0.14522821576763487,12016,1.041843058536728,
FFF_2014B,36,0.14937759336099585,14997,1.3003096162512742,
FFF_2014B,37,0.15352697095435686,15200,1.317910659933278,
FFF_2014B,38,0.15767634854771784,13547,1.174587875665534,
FFF_2014B,39,0.16182572614107885,12409,1.0759179854678977,
FFF_2014B,40,0.16597510373443983,11911,1.032739070425347,
FFF_2014B,43,0.17842323651452283,12493,1.0832011759570026,
FFF_2014B,44,0.1825726141078838,14055,1.2186338371948828,
FFF_2014B,45,0.18672199170124482,14213,1.2323331716862946,
FFF_2014B,46,0.1908713692946058,14016,1.21525235589637,
FFF_2014B,47,0.1950207468879668,12950,1.1228252004036807,
FFF_2014B,48,0.1991701244813278,12047,1.0445309026458025,
FFF_2014B,49,0.2033195020746888,18028,1.5631114063998113,
FFF_2014B,50,0.2074688796680498,23579,2.044408911221497,
FFF_2014B,51,0.21161825726141079,28424,2.4644929340752295,
FFF_2014B,52,0.2157676348547718,22583,1.9580510811363956,TMA
FFF_2014B,53,0.21991701244813278,15194,1.3173904320411989,
FFF_2014B,54,0.22406639004149378,12703,1.101409152179765,
FFF_2014B,55,0.22821576763485477,11049,0.9579996632633413,
FFF_2014B,58,0.24066390041493776,12126,1.0513805698915084,
FFF_2014B,59,0.24481327800829875,12148,1.0532880721624645,
FFF_2014B,60,0.24896265560165975,11593,1.0051669921451638,
FFF_2014B,65,0.2697095435684647,12205,1.0582302371372143,
FFF_2014B,66,0.27385892116182575,12758,1.1061779078571552,
FFF_2014B,67,0.27800829875518673,11592,1.005080287496484,
FFF_2014B,80,0.33195020746887965,11694,1.0139241616618258,
FFF_2014B,81,0.3360995850622407,12386,1.0739237785482618,
FFF_2014B,84,0.34854771784232363,12506,1.0843283363898404,
FFF_2014B,85,0.35269709543568467,16773,1.4542970723066362,
FFF_2014B,86,0.35684647302904565,21826,1.8924156620857713,
FFF_2014B,87,0.36099585062240663,14109,1.2233158882235933,TMA
FFF_2014B,93,0.38589211618257263,12584,1.0910912989868664,
FFF_2014B,94,0.3900414937759336,12997,1.1269003188916324,
FFF_2014B,95,0.3941908713692946,12230,1.0603978533542098,
FFF_2014B,96,0.3983402489626556,12708,1.101842675423164,
FFF_2014B,100,0.4149377593360996,12165,1.0547620511900213,
FFF_2014B,126,0.5228215767634855,12658,1.0975074429891731,
FFF_2014B,127,0.5269709543568465,17269,1.4973025780518272,
FFF_2014B,128,0.5311203319502075,24346,2.11091137675892,
FFF_2014B,129,0.5352697095435685,18040,1.5641518621839692,TMA
FFF_2014B,135,0.5601659751037344,12955,1.12325872364708,
FFF_2014B,136,0.5643153526970954,12413,1.076264804062617,
FFF_2014B,137,0.5684647302904564,11419,0.990080383274875,
FFF_2014B,141,0.5850622406639004,11500,0.9971034598179405,
FFF_2014B,142,0.5892116182572614,13624,1.18126413361388,
FFF_2014B,143,0.5933609958506224,13910,1.2060616631363088,
FFF_2014B,144,0.5975103734439834,12340,1.06993536470899,
FFF_2014B,148,0.6141078838174274,13554,1.1751948082062926,
FFF_2014B,149,0.6182572614107884,13103,1.1360910116516933,
FFF_2014B,151,0.6265560165975104,11775,1.0209472382048912,
FFF_2014B,156,0.6473029045643154,11022,0.9556586377489861,
FFF_2014B,164,0.6804979253112033,11104,0.9627684189407314,
FFF_2014B,165,0.6846473029045643,11044,0.9575661400199421,
FFF_2014B,169,0.7012448132780082,13165,1.1414666998698424,
FFF_2014B,170,0.7053941908713693,19218,1.6662899383287983,
FFF_2014B,171,0.7095435684647303,14823,1.2852230073809854,TMA
FFF_2014B,179,0.7427385892116183,11320,0.9814966230555727,
FFF_2014B,192,0.7966804979253111,13262,1.1498770507917848,
FFF_2014B,193,0.8008298755186722,12454,1.0798196946584897,
FFF_2014B,194,0.8049792531120332,12688,1.1001085824495678,
FFF_2014B,199,0.8257261410788381,12080,1.0473921560522366,
FFF_2014B,200,0.8298755186721992,11362,0.9851382183001252,
FFF_2014B,205,0.8506224066390041,13742,1.1914952821580989,
FFF_2014B,206,0.8547717842323651,12567,1.0896173199593093,
FFF_2014B,207,0.8589211618257261,13960,1.2103968955703,
FFF_2014B,211,0.8755186721991701,13557,1.175454922152332,
FFF_2014B,212,0.8796680497925311,11276,0.9776816185136606,
FFF_2014B,213,0.8838174273858921,12960,1.123692246890479,
FFF_2014B,215,0.8921161825726142,11684,1.0130571151750276,
FFF_2014B,220,0.9128630705394191,19429,1.6845846192002405,
FFF_2014B,221,0.91701244813278,19833,1.719613297266888,
FFF_2014B,222,0.921161825726141,17700,1.5346722816328302,
FFF_2014B,223,0.9253112033195021,19484,1.6893533748776306,
FFF_2014B,224,0.9294605809128631,25785,2.2356793662091823,
FFF_2014B,225,0.9336099585062241,35088,3.0422927128775563,
FFF_2014B,226,0.9377593360995851,41598,3.6067399757831904,
FFF_2014B,227,0.941908713692946,29939,2.5958504768251585,Exam
FFF_2013B,-18,-0.075,29371,1.8026042314614383,
FFF_2013B,-17,-0.07083333333333333,15232,0.9348427923332753,
FFF_2013B,-16,-0.06666666666666667,12768,0.7836182229852454,
FFF_2013B,-12,-0.05,11883,0.7293025801796422,
FFF_2013B,-11,-0.04583333333333333,12044,0.7391837310177237,
FFF_2013B,-9,-0.0375,11077,0.6798354523815449,
FFF_2013B,-5,-0.020833333333333332,15440,0.9476085027327843,
FFF_2013B,-4,-0.016666666666666666,16281,0.9992237068000299,
FFF_2013B,-3,-0.0125,16737,1.0272100719066457,
FFF_2013B,-2,-0.008333333333333333,16306,1.0007580469922785,
FFF_2013B,-1,-0.004166666666666667,19182,1.1772685427085665,
FFF_2013B,0,0.0,21823,1.339356240617717,
FFF_2013B,1,0.004166666666666667,32504,1.994887744354043,
FFF_2013B,2,0.008333333333333333,30852,1.8934985444502501,
FFF_2013B,3,0.0125,28027,1.7201181027261494,
FFF_2013B,4,0.016666666666666666,25794,1.5830708367544972,
FFF_2013B,5,0.020833333333333332,23885,1.4659086196743882,
FFF_2013B,6,0.025,14970,0.9187629071185092,
FFF_2013B,7,0.029166666666666667,19726,1.210655785291898,
FFF_2013B,8,0.03333333333333333,26268,1.6121619267995322,
FFF_2013B,9,0.0375,28312,1.7376095809177843,
FFF_2013B,10,0.041666666666666664,28470,1.747306610932796,
FFF_2013B,11,0.04583333333333333,24072,1.4773854843124083,
FFF_2013B,12,0.05,20170,1.2379056671062345,
FFF_2013B,13,0.05416666666666667,19701,1.2091214450996493,
FFF_2013B,14,0.058333333333333334,22968,1.4096290214227065,
FFF_2013B,15,0.0625,35752,2.1942292221309914,
FFF_2013B,16,0.06666666666666667,40688,2.4971693496885705,
FFF_2013B,17,0.07083333333333333,43319,2.6586433115208217,
FFF_2013B,18,0.075,46913,2.8792200575584914,
FFF_2013B,19,0.07916666666666666,32570,1.9989384024615793,TMA
FFF_2013B,20,0.08333333333333333,21254,1.304434657842137,
FFF_2013B,21,0.0875,20386,1.251162366367263,
FFF_2013B,22,0.09166666666666666,28798,1.7674371542550986,
FFF_2013B,23,0.09583333333333334,29900,1.8350708699294205,
FFF_2013B,24,0.1,28526,1.7507435329634329,
FFF_2013B,25,0.10416666666666667,24037,1.4752374080432602,
FFF_2013B,26,0.10833333333333334,20450,1.2550902772594197,
FFF_2013B,27,0.1125,15851,0.9728330554933526,
FFF_2013B,28,0.11666666666666667,16766,1.0289899065296542,
FFF_2013B,29,0.12083333333333333,23357,1.433503354814096,
FFF_2013B,30,0.125,25190,1.5460011777097693,
FFF_2013B,31,0.12916666666666668,22829,1.401098089953804,
FFF_2013B,32,0.13333333333333333,22037,1.352490192663366,
FFF_2013B,33,0.1375,20603,1.2644804392359816,
FFF_2013B,34,0.14166666666666666,17193,1.0551964370132616,
FFF_2013B,35,0.14583333333333334,18681,1.146520365255903,
FFF_2013B,36,0.15,19395,1.1903411211465253,
FFF_2013B,37,0.15416666666666667,23993,1.4725369693049024,
FFF_2013B,38,0.15833333333333333,23565,1.446269065213605,
FFF_2013B,39,0.1625,20558,1.2617186268899339,
FFF_2013B,40,0.16666666666666666,19634,1.2050094133844227,
FFF_2013B,41,0.17083333333333334,16244,0.9969528833155018,
FFF_2013B,42,0.175,19173,1.176716180239357,
FFF_2013B,43,0.17916666666666667,24942,1.5307805230026623,
FFF_2013B,44,0.18333333333333332,28436,1.7452199082713378,
FFF_2013B,45,0.1875,32454,1.9918190639695454,
FFF_2013B,46,0.19166666666666668,34733,2.131689515894935,
FFF_2013B,47,0.19583333333333333,30148,1.8502915246365272,TMA
FFF_2013B,48,0.2,14898,0.9143440073648329,
FFF_2013B,49,0.20416666666666666,17451,1.071030827797268,
FFF_2013B,50,0.20833333333333334,18172,1.11528119894172,
FFF_2013B,51,0.2125,20583,1.2632529670821826,
FFF_2013B,52,0.21666666666666667,17446,1.0707239597588183,
FFF_2013B,53,0.22083333333333333,15352,0.9422076252560689,
FFF_2013B,54,0.225,14198,0.87138248198187,
FFF_2013B,55,0.22916666666666666,13215,0.8110522256226519,
FFF_2013B,58,0.24166666666666667,13346,0.819092168230035,
FFF_2013B,59,0.24583333333333332,13769,0.8450532042828826,
FFF_2013B,60,0.25,14280,0.8764151178124456,
FFF_2013B,61,0.25416666666666665,12402,0.7611554825707249,
FFF_2013B,64,0.26666666666666666,12722,0.7807950370315079,
FFF_2013B,65,0.2708333333333333,13271,0.814489147653289,
FFF_2013B,66,0.275,15018,0.9217088402876266,
FFF_2013B,67,0.2791666666666667,14117,0.8664112197589842,
FFF_2013B,68,0.2833333333333333,13834,0.8490424887827291,
FFF_2013B,70,0.2916666666666667,11391,0.6991067651961882,
FFF_2013B,71,0.29583333333333334,13411,0.8230814527298815,
FFF_2013B,72,0.3,15472,0.9495724581788626,
FFF_2013B,73,0.30416666666666664,15320,0.9402436698099906,
FFF_2013B,74,0.30833333333333335,14518,0.891022036442653,
FFF_2013B,75,0.3125,13886,0.8522339163826064,
FFF_2013B,76,0.31666666666666665,11049,0.6781169913662263,
FFF_2013B,78,0.325,14602,0.8961774194886086,
FFF_2013B,79,0.32916666666666666,17066,1.0474019888366384,
FFF_2013B,80,0.3333333333333333,17895,1.0982807096116045,
FFF_2013B,81,0.3375,16043,0.9846167881698225,
FFF_2013B,82,0.3416666666666667,15065,0.9245933998490541,
FFF_2013B,83,0.3458333333333333,12550,0.770238776508837,
FFF_2013B,84,0.35,16844,1.0337770479294701,
FFF_2013B,85,0.3541666666666667,20463,1.255888134159389,
FFF_2013B,86,0.35833333333333334,24144,1.4818043840660844,
FFF_2013B,87,0.3625,24370,1.4956748194040126,
FFF_2013B,88,0.36666666666666664,29914,1.8359301004370796,
FFF_2013B,89,0.37083333333333335,21924,1.3455549749944018,TMA
FFF_2013B,90,0.375,13147,0.8068788202997355,
FFF_2013B,91,0.37916666666666665,11390,0.6990453915884983,
FFF_2013B,92,0.38333333333333336,11870,0.7285047232796729,
FFF_2013B,93,0.3875,14025,0.8607648478515091,
FFF_2013B,94,0.39166666666666666,16524,1.014137493468687,
FFF_2013B,95,0.3958333333333333,16050,0.9850464034236521,
FFF_2013B,96,0.4,15387,0.9443557015252171,
FFF_2013B,99,0.4125,11427,0.7013162150730263,
FFF_2013B,100,0.4166666666666667,14757,0.9056903286805504,
FFF_2013B,101,0.42083333333333334,14719,0.9033581315883324,
FFF_2013B,102,0.425,12853,0.7888349796388909,
FFF_2013B,103,0.42916666666666664,11420,0.7008865998191967,
FFF_2013B,107,0.44583333333333336,11085,0.6803264412430644,
FFF_2013B,108,0.45,11348,0.6964677000655205,
FFF_2013B,115,0.4791666666666667,14129,0.8671477030512635,
FFF_2013B,116,0.48333333333333334,11926,0.7319416453103099,
FFF_2013B,117,0.4875,11039,0.6775032552893269,
FFF_2013B,120,0.5,12746,0.7822680036160666,
FFF_2013B,121,0.5041666666666667,14956,0.9179036766108499,
FFF_2013B,122,0.5083333333333333,15238,0.935211033979415,
FFF_2013B,123,0.5125,15737,0.9658364642166987,
FFF_2013B,124,0.5166666666666667,17851,1.095580270873247,
FFF_2013B,125,0.5208333333333334,11683,0.7170278586416527,
FFF_2013B,126,0.525,14042,0.8618081991822382,
FFF_2013B,127,0.5291666666666667,19551,1.199915403946157,
FFF_2013B,128,0.5333333333333333,25131,1.5423801348560624,
FFF_2013B,129,0.5375,28337,1.739143921110033,
FFF_2013B,130,0.5416666666666666,30671,1.8823899214583697,
FFF_2013B,131,0.5458333333333333,21014,1.2897049919965498,TMA
FFF_2013B,133,0.5541666666666667,13809,0.8475081485904805,
FFF_2013B,134,0.5583333333333333,13868,0.8511291914441873,
FFF_2013B,135,0.5625,19651,1.2060527647151518,
FFF_2013B,136,0.5666666666666667,17317,1.062806764366815,
FFF_2013B,137,0.5708333333333333,16810,1.031690345268012,
FFF_2013B,138,0.575,15368,0.9431896029791081,
FFF_2013B,139,0.5791666666666667,12893,0.7912899239464889,
FFF_2013B,140,0.5833333333333334,17659,1.0837965381967771,
FFF_2013B,141,0.5875,17705,1.0866197241505147,
FFF_2013B,142,0.5916666666666667,17149,1.052495998274904,
FFF_2013B,143,0.5958333333333333,18204,1.1172451543877984,
FFF_2013B,144,0.6,15079,0.9254526303567134,
FFF_2013B,145,0.6041666666666666,15813,0.9705008584011346,
FFF_2013B,147,0.6125,11138,0.6835792424506316,
FFF_2013B,148,0.6166666666666667,14008,0.85972149652078,
FFF_2013B,149,0.6208333333333333,17657,1.0836737909813972,
FFF_2013B,150,0.625,19314,1.1853698589236397,
FFF_2013B,151,0.6291666666666667,14883,0.9134234032494838,
FFF_2013B,152,0.6333333333333333,19913,1.222132649929918,
FFF_2013B,153,0.6375,12217,0.7498013651480846,
FFF_2013B,156,0.65,17362,1.0655685767128629,
FFF_2013B,157,0.6541666666666667,15285,0.9380955935408425,
FFF_2013B,158,0.6583333333333333,15615,0.958348884078525,
FFF_2013B,159,0.6625,13889,0.8524180372056762,
FFF_2013B,160,0.6666666666666666,11705,0.7183780780108316,
FFF_2013B,161,0.6708333333333333,11676,0.7165982433878232,
FFF_2013B,162,0.675,17900,1.0985875776500544,
FFF_2013B,163,0.6791666666666667,21099,1.2949217486501954,
FFF_2013B,164,0.6833333333333333,21590,1.3250561900259594,
FFF_2013B,165,0.6875,26624,1.6340109311371536,
FFF_2013B,166,0.6916666666666667,19167,1.1763479385932174,TMA
FFF_2013B,169,0.7041666666666667,14099,0.8653064948205652,
FFF_2013B,170,0.7083333333333334,14966,0.9185174126877493,
FFF_2013B,171,0.7125,13800,0.846955786121271,
FFF_2013B,172,0.7166666666666667,14205,0.8718120972356995,
FFF_2013B,176,0.7333333333333333,11927,0.7320030189179999,
FFF_2013B,177,0.7375,13441,0.8249226609605799,
FFF_2013B,178,0.7416666666666667,13121,0.8052831064997968,
FFF_2013B,179,0.7458333333333333,12262,0.7525631774941322,
FFF_2013B,180,0.75,11756,0.7215081320030189,
FFF_2013B,183,0.7625,14591,0.8955023098040191,
FFF_2013B,184,0.7666666666666667,16733,1.026964577475886,
FFF_2013B,185,0.7708333333333334,15347,0.9419007572176192,
FFF_2013B,186,0.775,13869,0.8511905650518773,
FFF_2013B,187,0.7791666666666667,11297,0.6933376460733331,
FFF_2013B,191,0.7958333333333333,13973,0.8575734202516319,
FFF_2013B,192,0.8,12954,0.7950337140155757,
FFF_2013B,193,0.8041666666666667,11948,0.7332918646794888,
FFF_2013B,194,0.8083333333333333,17288,1.0610269297438066,
FFF_2013B,195,0.8125,11934,0.7324326341718296,
FFF_2013B,196,0.8166666666666667,13065,0.8018461844691598,
FFF_2013B,197,0.8208333333333333,14280,0.8764151178124456,
FFF_2013B,198,0.825,14989,0.9199290056646181,
FFF_2013B,199,0.8291666666666667,15274,0.9374204838562531,
FFF_2013B,200,0.8333333333333334,15661,0.9611720700322627,
FFF_2013B,201,0.8375,16586,1.0179426571454637,
FFF_2013B,203,0.8458333333333333,13554,0.831857878629544,
FFF_2013B,204,0.85,14569,0.8941520904348403,
FFF_2013B,205,0.8541666666666666,18246,1.119822845910776,
FFF_2013B,206,0.8583333333333333,23728,1.4562729632670663,
FFF_2013B,207,0.8625,18433,1.131299710548796,
FFF_2013B,208,0.8666666666666667,17298,1.061640665820706,
FFF_2013B,209,0.8708333333333333,11877,0.7289343385335025,
FFF_2013B,210,0.875,16109,0.9886674462773589,
FFF_2013B,211,0.8791666666666667,19706,1.209428313138099,
FFF_2013B,212,0.8833333333333333,25226,1.5482106275866072,
FFF_2013B,213,0.8875,25025,1.535874532440928,
FFF_2013B,214,0.8916666666666667,25702,1.5774244648470221,
FFF_2013B,215,0.8958333333333334,22665,1.3910328182926526,
FFF_2013B,216,0.9,21844,1.340645086379206,
FFF_2013B,217,0.9041666666666667,26676,1.6372023587370308,
FFF_2013B,218,0.9083333333333333,37463,2.299239464888491,
FFF_2013B,219,0.9125,41007,2.5167475305416636,
FFF_2013B,220,0.9166666666666666,43986,2.699579507850016,
FFF_2013B,221,0.9208333333333333,56837,3.488291740273527,
FFF_2013B,222,0.925,45747,2.807658430992013,Exam
DDD_2013B,2,0.008333333333333333,13183,2.4418822213429223,
DDD_2013B,3,0.0125,12481,2.3118510206008502,
DDD_2013B,9,0.0375,11960,2.2153463830130735,
DDD_2013B,16,0.06666666666666667,14292,2.6473018817744856,
DDD_2013B,17,0.07083333333333333,12776,2.3664937616534303,
DDD_2013B,18,0.075,14365,2.6608236448146156,
DDD_2013B,19,0.07916666666666666,12992,2.4065033618817604,
DDD_2013B,20,0.08333333333333333,11563,2.141810219630449,
DDD_2013B,22,0.09166666666666666,16262,3.0122042542273078,
DDD_2013B,23,0.09583333333333334,17734,3.284862270598148,CMA
DDD_2013B,24,0.1,18871,3.495468360688939,
DDD_2013B,25,0.10416666666666667,16084,2.979233379965073,TMA
DDD_2013B,50,0.20833333333333334,11769,2.1799675235519116,
DDD_2013B,51,0.2125,14659,2.7152811562365087,CMA
DDD_2013B,52,0.21666666666666667,15609,2.891249305388885,
DDD_2013B,53,0.22083333333333333,11375,2.106987049061347,TMA
DDD_2013B,116,0.48333333333333334,11087,2.053640915423574,TMA
CCC_2014B,-18,-0.07468879668049792,11807,1.6124513478620586,
CCC_2014B,0,0.0,14640,1.9993468055137238,
CCC_2014B,1,0.004149377593360996,15525,2.120208958715885,
CCC_2014B,2,0.008298755186721992,15966,2.180435184209844,
CCC_2014B,3,0.012448132780082987,16406,2.2405248422990542,
CCC_2014B,4,0.016597510373443983,15660,2.138645558356893,
CCC_2014B,5,0.02074688796680498,15061,2.0568416829127183,
CCC_2014B,6,0.024896265560165973,11468,1.566154997652417,
CCC_2014B,7,0.029045643153526972,11541,1.576124418199036,
CCC_2014B,8,0.03319502074688797,15910,2.1727874095439446,
CCC_2014B,9,0.03734439834024896,15766,2.153121703260203,
CCC_2014B,10,0.04149377593360996,17275,2.3592019170252443,
CCC_2014B,11,0.04564315352697095,16293,2.225092725562507,
CCC_2014B,12,0.04979253112033195,15136,2.0670842382688335,
CCC_2014B,13,0.05394190871369295,15006,2.049330475651567,
CCC_2014B,14,0.058091286307053944,18728,2.5576343561243866,
CCC_2014B,15,0.06224066390041494,24239,3.3102573236917454,
CCC_2014B,16,0.06639004149377593,32470,4.4343436321742224,
CCC_2014B,17,0.07053941908713693,39567,5.403562503672235,
CCC_2014B,18,0.07468879668049792,42454,5.7978326011803025,CMA
CCC_2014B,30,0.12448132780082988,14215,1.9413056584957367,
CCC_2014B,31,0.12863070539419086,15250,2.082652922410129,
CCC_2014B,32,0.13278008298755187,12874,1.7581687687283936,TMA
CCC_2014B,63,0.26141078838174275,11704,1.5983849051729935,
CCC_2014B,64,0.26556016597510373,17535,2.394709442259778,
CCC_2014B,65,0.2697095435684647,21831,2.9814030130580673,
CCC_2014B,66,0.27385892116182575,25642,3.501861392553477,
CCC_2014B,67,0.27800829875518673,36841,5.031279758328627,CMA
CCC_2014B,134,0.5560165975103735,14789,2.0196953488212066,
CCC_2014B,135,0.5601659751037344,21905,2.9915090010094345,
CCC_2014B,136,0.5643153526970954,27802,3.7968469868096,
CCC_2014B,137,0.5684647302904564,37174,5.076756704109779,CMA
CCC_2014B,199,0.8257261410788381,11472,1.5667012672714098,
CCC_2014B,205,0.8506224066390041,15134,2.066811103459337,
CCC_2014B,206,0.8547717842323651,20644,2.819297503621948,
CCC_2014B,207,0.8589211618257261,26953,3.6809012601783744,CMA
CCC_2014B,221,0.91701244813278,12649,1.7274411026600474,
CCC_2014B,222,0.921161825726141,11492,1.569432615366374,
CCC_2014B,225,0.9336099585062241,13265,1.8115666239849417,
CCC_2014B,226,0.9377593360995851,16654,2.274393558676609,
CCC_2014B,227,0.941908713692946,22173,3.0281090654819534,
DDD_2014B,2,0.008298755186721992,11447,3.116450361259401,
DDD_2014B,23,0.0954356846473029,12033,3.2759890973210775,
DDD_2014B,24,0.0995850622406639,12591,3.427904822103356,
DDD_2014B,25,0.1037344398340249,11801,3.2128270038632123,TMA
EEE_2014B,18,0.07468879668049792,11887,3.6859446323365037,
EEE_2014B,19,0.07883817427385892,15547,4.8208447210343754,
EEE_2014B,150,0.6224066390041494,11443,3.548268228133811,
EEE_2014B,151,0.6265560165975104,11757,3.6456339734483283,
DDD_2013J,-18,-0.06896551724137931,21611,3.4435646426673134,
DDD_2013J,0,0.0,12929,2.060147483459613,
DDD_2013J,1,0.0038314176245210726,12246,1.951316117445001,
DDD_2013J,2,0.007662835249042145,15356,2.446873289195283,
DDD_2013J,3,0.011494252873563218,13489,2.149379643003072,
DDD_2013J,4,0.01532567049808429,14037,2.2366996848420286,
DDD_2013J,5,0.019157088122605363,11356,1.8095007210277179,
DDD_2013J,9,0.034482758620689655,15510,2.4714121330697343,
DDD_2013J,10,0.038314176245210725,13840,2.205309085859776,
DDD_2013J,11,0.0421455938697318,11759,1.8737160072706,
DDD_2013J,16,0.06130268199233716,13887,2.212798213535745,
DDD_2013J,17,0.06513409961685823,12904,2.0561639049085656,
DDD_2013J,18,0.06896551724137931,12388,1.9739428436149495,
DDD_2013J,21,0.08045977011494253,12192,1.942711587774739,
DDD_2013J,22,0.0842911877394636,15502,2.470137387933399,
DDD_2013J,23,0.08812260536398467,18860,3.00521165891007,
DDD_2013J,24,0.09195402298850575,20314,3.2368965874389803,
DDD_2013J,25,0.09578544061302682,16611,2.6468489324578566,TMA
DDD_2013J,30,0.11494252873563218,11929,1.9008043414177216,
DDD_2013J,31,0.11877394636015326,11927,1.9004856551336378,
DDD_2013J,43,0.16475095785440613,14208,2.2639473621311916,
DDD_2013J,50,0.19157088122605365,11119,1.7717363963637895,
DDD_2013J,51,0.19540229885057472,14751,2.350470688259939,
DDD_2013J,52,0.19923371647509577,18289,2.9142267248041502,
DDD_2013J,53,0.20306513409961685,12736,2.029394257045528,TMA
DDD_2013J,122,0.4674329501915709,12215,1.9463764800417025,
DDD_2013J,164,0.6283524904214559,11433,1.8217701429649433,
DDD_2013J,232,0.8888888888888888,13290,2.1176703577367357,
DDD_2013J,233,0.89272030651341,21474,3.421734632207574,
CCC_2014J,-18,-0.06691449814126393,16784,1.730698338544031,
CCC_2014J,0,0.0,16563,1.7079097105162528,
CCC_2014J,1,0.0037174721189591076,17293,1.7831843641826697,
CCC_2014J,2,0.007434944237918215,22395,2.3092820121361757,
CCC_2014J,3,0.011152416356877323,22674,2.338051366071697,
CCC_2014J,4,0.01486988847583643,20822,2.147080600879636,
CCC_2014J,5,0.01858736059479554,20262,2.089335661080741,
CCC_2014J,6,0.022304832713754646,17246,1.7783379138781197,
CCC_2014J,7,0.026022304832713755,15560,1.6044843986978743,
CCC_2014J,8,0.02973977695167286,20039,2.0663408011251096,
CCC_2014J,9,0.03345724907063197,25596,2.639356212665218,
CCC_2014J,10,0.03717472118959108,24944,2.572124604185076,
CCC_2014J,11,0.040892193308550186,25169,2.5953256960685605,
CCC_2014J,12,0.04460966542750929,22264,2.2957738208617915,
CCC_2014J,13,0.048327137546468404,23414,2.41435717937738,
CCC_2014J,14,0.05204460966542751,24763,2.5534606147143615,
CCC_2014J,15,0.055762081784386616,35814,3.6929951320672028,
CCC_2014J,16,0.05947955390334572,43071,4.441307682282528,
CCC_2014J,17,0.06319702602230483,46812,4.827064503331934,
CCC_2014J,18,0.06691449814126393,50543,5.211790164742074,CMA
CCC_2014J,19,0.07063197026022305,14800,1.5261162661136594,
CCC_2014J,20,0.07434944237918216,12550,1.2941053472788127,
CCC_2014J,22,0.08178438661710037,12442,1.2829688231747398,
CCC_2014J,23,0.08550185873605948,16141,1.6643947737392282,
CCC_2014J,24,0.08921933085501858,13180,1.3590684045525696,
CCC_2014J,25,0.09293680297397769,13141,1.3550468819594323,
CCC_2014J,26,0.09665427509293681,12457,1.2845155626336389,
CCC_2014J,27,0.10037174721189591,13209,1.362058767506441,
CCC_2014J,28,0.10408921933085502,11100,1.1445871995852446,
CCC_2014J,29,0.10780669144981413,14710,1.5168358293602655,
CCC_2014J,30,0.11152416356877323,19309,1.9910661474586926,
CCC_2014J,31,0.11524163568773234,19851,2.046954999906909,
CCC_2014J,32,0.11895910780669144,16449,1.6961544906286206,TMA
CCC_2014J,33,0.12267657992565056,12073,1.244919032485825,
CCC_2014J,54,0.20074349442379183,12274,1.2656453412350714,
CCC_2014J,58,0.21561338289962825,11745,1.2110969963179008,
CCC_2014J,59,0.21933085501858737,12885,1.3286491951942232,
CCC_2014J,60,0.22304832713754646,12593,1.2985393337276563,
CCC_2014J,61,0.22676579925650558,11978,1.2351230159127982,
CCC_2014J,62,0.23048327137546468,11724,1.208931561075442,
CCC_2014J,63,0.2342007434944238,12199,1.2579116439405764,
CCC_2014J,64,0.2379182156133829,21480,2.2149309051433383,
CCC_2014J,65,0.241635687732342,29381,3.029650136127394,
CCC_2014J,66,0.24535315985130113,37517,3.8686016186342003,
CCC_2014J,67,0.24907063197026022,45892,4.732197816519464,CMA
CCC_2014J,106,0.3940520446096654,12041,1.2416193216401739,
CCC_2014J,107,0.39776951672862454,12399,1.2785348367258962,
CCC_2014J,108,0.40148698884758366,15035,1.55034851763641,
CCC_2014J,109,0.4052044609665427,16028,1.6527426698155225,TMA
CCC_2014J,137,0.5092936802973977,12295,1.26781077647753,
CCC_2014J,138,0.5130111524163569,11745,1.2110969963179008,
CCC_2014J,140,0.5204460966542751,13763,1.4191850115217768,
CCC_2014J,141,0.5241635687732342,19929,2.0549980450931837,
CCC_2014J,142,0.5278810408921933,27645,2.8506408227508184,
CCC_2014J,143,0.5315985130111525,37200,3.8359138580694685,
CCC_2014J,144,0.5353159851301115,49710,5.125894566791217,CMA
CCC_2014J,206,0.7657992565055762,13642,1.4067079798866582,
CCC_2014J,207,0.7695167286245354,12038,1.2413099737483941,TMA
CCC_2014J,208,0.7732342007434945,11507,1.1865553969033702,
CCC_2014J,210,0.7806691449814126,11939,1.231101493319661,
CCC_2014J,211,0.7843866171003717,16393,1.690379996648731,
CCC_2014J,212,0.7881040892193308,22071,2.275872439823958,
CCC_2014J,213,0.79182156133829,31649,3.2635171423129195,
CCC_2014J,214,0.7955390334572491,41367,4.265598079751605,CMA
CCC_2014J,227,0.8438661710037175,11565,1.1925361228111129,
CCC_2014J,228,0.8475836431226765,11892,1.2262550430151107,
CCC_2014J,233,0.8661710037174721,13234,1.364636666604606,
CCC_2014J,234,0.8698884758364313,15521,1.600462876104737,
CCC_2014J,235,0.8736059479553904,17065,1.7596739244074053,
CCC_2014J,236,0.8773234200743495,16408,1.69192673610763,
CCC_2014J,237,0.8810408921933085,17917,1.8475287256728674,
CCC_2014J,238,0.8847583643122676,21039,2.169456765051708,
CCC_2014J,239,0.8884758364312267,29086,2.999230926769047,
CCC_2014J,240,0.8921933085501859,40293,4.154851534494438,
CCC_2014J,241,0.895910780669145,19799,2.0415929697827258,
DDD_2014J,-25,-0.09541984732824428,13879,2.7801420412853126,
DDD_2014J,-5,-0.019083969465648856,13529,2.710032543882772,
DDD_2014J,0,0.0,13117,2.627503649797496,
DDD_2014J,1,0.003816793893129771,14282,2.860868119723095,
DDD_2014J,2,0.007633587786259542,17775,3.5605609038004493,
DDD_2014J,3,0.011450381679389313,16520,3.309168277399911,
DDD_2014J,4,0.015267175572519083,12946,2.593250152495112,
DDD_2014J,5,0.019083969465648856,13011,2.6062704877270124,
DDD_2014J,9,0.03435114503816794,11486,2.3007933919016574,
DDD_2014J,10,0.03816793893129771,12826,2.5692126105285267,
DDD_2014J,16,0.061068702290076333,11447,2.292981190762517,
DDD_2014J,17,0.0648854961832061,11564,2.3164177941799378,
DDD_2014J,18,0.06870229007633588,11196,2.2427026654824096,
DDD_2014J,19,0.07251908396946564,12775,2.5589966551927277,
DDD_2014J,40,0.15267175572519084,12928,2.5896445212001242,
DDD_2014J,239,0.9122137404580153,14892,2.983058958053237,
EEE_2013J,-11,-0.041044776119402986,11011,2.007274962189598,
EEE_2013J,2,0.007462686567164179,14378,2.6210697853384834,
EEE_2013J,3,0.011194029850746268,12680,2.3115290637148402,
EEE_2013J,4,0.014925373134328358,11932,2.1751707246250374,
EEE_2013J,9,0.033582089552238806,11528,2.101522637736962,
EEE_2013J,10,0.03731343283582089,11067,2.0174836078968563,
EEE_2013J,12,0.04477611940298507,13396,2.4420538909719243,
EEE_2013J,13,0.048507462686567165,12749,2.3241075736041403,
EEE_2013J,14,0.05223880597014925,11131,2.029150631562294,
EEE_2013J,15,0.055970149253731345,18639,3.3978383453139513,
EEE_2013J,16,0.05970149253731343,21509,3.9210314378109223,
EEE_2013J,17,0.06343283582089553,21028,3.8333464630753675,
EEE_2013J,18,0.06716417910447761,22707,4.139423537048334,
EEE_2013J,19,0.0708955223880597,25061,4.568551251242714,
EEE_2013J,29,0.10820895522388059,12413,2.262855699360592,
EEE_2013J,30,0.11194029850746269,14468,2.637476537368005,
EEE_2013J,31,0.11567164179104478,15705,2.862978229151543,
EEE_2013J,32,0.11940298507462686,16822,3.066604251562385,
EEE_2013J,33,0.12313432835820895,11433,2.084204399483578,TMA
EEE_2013J,66,0.2462686567164179,11365,2.0718081868390503,
EEE_2013J,67,0.25,12303,2.2428030024356214,
EEE_2013J,121,0.45149253731343286,11843,2.158946269840288,
EEE_2013J,122,0.4552238805970149,12349,2.2511886756951545,
EEE_2013J,123,0.458955223880597,13484,2.458096048511901,
EEE_2013J,150,0.5597014925373134,11595,2.113736553136717,
EEE_2013J,151,0.5634328358208955,13600,2.4792425289055067,
EEE_2013J,152,0.5671641791044776,11316,2.0628756218452,
EEE_2013J,155,0.5783582089552238,15272,2.7840435221650663,
EEE_2013J,156,0.582089552238806,20274,3.6958943405169298,
EEE_2013J,157,0.585820895522388,19660,3.583963832226637,
EEE_2013J,158,0.5895522388059702,22102,4.029133703960993,
EEE_2013J,159,0.5932835820895522,12984,2.366947426125669,TMA
EEE_2014J,2,0.007434944237918215,14193,2.5290761992679287,
EEE_2014J,3,0.011152416356877323,12651,2.2543044456378896,
EEE_2014J,5,0.01858736059479554,11258,2.0060832700174975,
EEE_2014J,8,0.02973977695167286,11449,2.040117903573488,
EEE_2014J,9,0.03345724907063197,12668,2.2573337062161714,
EEE_2014J,10,0.03717472118959108,12262,2.184987835934851,
EEE_2014J,11,0.040892193308550186,11262,2.0067960372123874,
EEE_2014J,15,0.055762081784386616,16325,2.9089811141442214,
EEE_2014J,16,0.05947955390334572,20986,3.739533087989625,
EEE_2014J,17,0.06319702602230483,19405,3.45781185420941,
EEE_2014J,18,0.06691449814126393,21311,3.797445422574426,
EEE_2014J,19,0.07063197026022305,23674,4.2185126429556075,
EEE_2014J,30,0.11152416356877323,12871,2.2935066413568315,
EEE_2014J,31,0.11524163568773234,13530,2.4109350367149354,
EEE_2014J,32,0.11895910780669144,14138,2.519275650338193,
EEE_2014J,65,0.241635687732342,11888,2.1183441032126495,
EEE_2014J,66,0.24535315985130113,13369,2.3822461571206186,
EEE_2014J,67,0.24907063197026022,16395,2.921454540054794,
EEE_2014J,129,0.4795539033457249,11339,2.020516805714017,
EEE_2014J,130,0.483271375464684,12714,2.2655305289574046,
EEE_2014J,143,0.5315985130111525,11217,1.9987774062698764,
EEE_2014J,149,0.5539033457249071,11539,2.0561551654585095,
EEE_2014J,156,0.5799256505576208,13985,2.492012305133656,
EEE_2014J,157,0.5836431226765799,13612,2.425546764210177,
EEE_2014J,158,0.587360594795539,13045,2.32451201433454,
EEE_2014J,159,0.5910780669144982,11935,2.1267191177526055,
EEE_2014J,160,0.5947955390334573,11137,1.9845220623720794,
EEE_2014J,161,0.5985130111524164,13028,2.3214827537562583,
EEE_2014J,162,0.6022304832713755,16386,2.919850813866292,
EEE_2014J,163,0.6059479553903345,23052,4.107677344150235,
EEE_2014J,164,0.6096654275092936,23404,4.170400857300542,
EEE_2014J,165,0.6133828996282528,26164,4.662210221774543,
EEE_2014J,166,0.6171003717472119,16680,2.9722392026906963,TMA
BBB_2014B,2,0.008547008547008548,12010,3.4854802635918283,
BBB_2013B,-9,-0.0375,11609,2.153146609828097,
BBB_2013B,2,0.008333333333333333,21256,3.942396790292534,
BBB_2013B,3,0.0125,15853,2.94029056814582,
BBB_2013B,4,0.016666666666666666,14584,2.7049263638326266,
BBB_2013B,5,0.020833333333333332,11603,2.152033776710777,
BBB_2013B,8,0.03333333333333333,11048,2.0490967133586713,
BBB_2013B,9,0.0375,13282,2.463441577374174,
BBB_2013B,11,0.04583333333333333,11019,2.0437180199582907,
BBB_2013B,15,0.0625,11667,2.1639039966288576,
BBB_2013B,16,0.06666666666666667,14462,2.6822987571137857,
BBB_2013B,17,0.07083333333333333,14735,2.7329326639518485,
BBB_2013B,18,0.075,15733,2.9180339057994185,
BBB_2013B,19,0.07916666666666666,12728,2.360689986208288,TMA
BBB_2013B,30,0.125,12529,2.323781021150506,
BBB_2013B,44,0.18333333333333332,12074,2.2393911764204018,
BBB_2013B,46,0.19166666666666668,12715,2.358278847787428,
BBB_2013B,226,0.9416666666666667,14230,2.639269209910743,
FFF_2014J,-18,-0.06691449814126393,26946,1.469278423358361,
FFF_2014J,-17,-0.06319702602230483,13120,0.7153912608350662,
FFF_2014J,-5,-0.01858736059479554,13185,0.7189355010754839,
FFF_2014J,-4,-0.01486988847583643,15128,0.8248810208775063,
FFF_2014J,-3,-0.011152416356877323,16141,0.8801166418550918,
FFF_2014J,-2,-0.007434944237918215,22275,1.214583867004657,
FFF_2014J,-1,-0.0037174721189591076,22150,1.2077680203884693,
FFF_2014J,0,0.0,39533,2.1556069142220027,
FFF_2014J,1,0.0037174721189591076,35492,1.935264224813885,
FFF_2014J,2,0.007434944237918215,47077,2.5669568892021655,
FFF_2014J,3,0.011152416356877323,40098,2.186414540927171,
FFF_2014J,4,0.01486988847583643,35586,1.9403897414692581,
FFF_2014J,5,0.01858736059479554,31580,1.721955489113673,
FFF_2014J,6,0.022304832713754646,26934,1.4686241020832067,
FFF_2014J,7,0.026022304832713755,25886,1.4114800440530888,
FFF_2014J,8,0.02973977695167286,30100,1.64125586517801,
FFF_2014J,9,0.03345724907063197,35971,1.9613825490471164,
FFF_2014J,10,0.03717472118959108,32170,1.7541262851420794,
FFF_2014J,11,0.040892193308550186,31415,1.7129585715803053,
FFF_2014J,12,0.04460966542750929,28374,1.5471426551016898,
FFF_2014J,13,0.048327137546468404,26192,1.4281652365695163,
FFF_2014J,14,0.05204460966542751,25752,1.4041734564805355,
FFF_2014J,15,0.055762081784386616,37280,2.0327580948118347,
FFF_2014J,16,0.05947955390334572,42459,2.3151522518137253,
FFF_2014J,17,0.06319702602230483,40717,2.220166613370533,
FFF_2014J,18,0.06691449814126393,39727,2.166185108170326,
FFF_2014J,19,0.07063197026022305,33008,1.799819720857002,
FFF_2014J,20,0.07434944237918216,30354,1.6551056655021037,
FFF_2014J,21,0.07806691449814127,33092,1.8043999697830801,
FFF_2014J,22,0.08178438661710037,47148,2.57082829008016,
FFF_2014J,23,0.08550185873605948,50914,2.776176116932665,
FFF_2014J,24,0.08921933085501858,38717,2.111113067511529,TMA
FFF_2014J,25,0.09293680297397769,29291,1.597143705878043,
FFF_2014J,26,0.09665427509293681,25404,1.3851981395010688,
FFF_2014J,27,0.10037174721189591,19457,1.0609274208893205,
FFF_2014J,28,0.10408921933085502,22678,1.2365581564952464,
FFF_2014J,29,0.10780669144981413,27060,1.475494475472324,
FFF_2014J,30,0.11152416356877323,29925,1.6317136799153473,
FFF_2014J,31,0.11524163568773234,30581,1.6674832429571007,
FFF_2014J,32,0.11895910780669144,25885,1.4114255172801593,
FFF_2014J,33,0.12267657992565056,25348,1.3821446402170166,
FFF_2014J,34,0.12639405204460966,20295,1.106620856604243,
FFF_2014J,35,0.13011152416356878,19865,1.0831743442445572,
FFF_2014J,36,0.13382899628252787,23207,1.265402819374953,
FFF_2014J,37,0.137546468401487,27643,1.5072835840902237,
FFF_2014J,38,0.1412639405204461,23496,1.281161056751579,
FFF_2014J,39,0.1449814126394052,23167,1.2632217484577728,
FFF_2014J,40,0.14869888475836432,20643,1.1255961735837097,
FFF_2014J,41,0.1524163568773234,15328,0.8357863754634066,
FFF_2014J,42,0.15613382899628253,19293,1.051985030128882,
FFF_2014J,43,0.15985130111524162,22835,1.2451188598451781,
FFF_2014J,44,0.16356877323420074,26846,1.4638257460654107,
FFF_2014J,45,0.16728624535315986,26530,1.446595285819688,
FFF_2014J,46,0.17100371747211895,26014,1.418459470988065,
FFF_2014J,47,0.17472118959107807,24699,1.3467567645857699,
FFF_2014J,48,0.17843866171003717,21992,1.1991527902656078,
FFF_2014J,49,0.1821561338289963,23982,1.307661068395317,
FFF_2014J,50,0.18587360594795538,35174,1.9179247110223032,
FFF_2014J,51,0.1895910780669145,44090,2.4040854184617433,
FFF_2014J,52,0.19330855018587362,29606,1.614319639350836,TMA
FFF_2014J,53,0.1970260223048327,21397,1.1667093603725542,
FFF_2014J,54,0.20074349442379183,17740,0.9673049517693655,
FFF_2014J,55,0.20446096654275092,13808,0.7529056806105636,
FFF_2014J,56,0.20817843866171004,13507,0.7364931219587835,
FFF_2014J,57,0.21189591078066913,15922,0.8681752785835308,
FFF_2014J,58,0.21561338289962825,20190,1.1008955454466454,
FFF_2014J,59,0.21933085501858737,19071,1.0398800865385327,
FFF_2014J,60,0.22304832713754646,19079,1.0403163007219687,
FFF_2014J,61,0.22676579925650558,18581,1.0131619678030765,
FFF_2014J,62,0.23048327137546468,13530,0.737747237736162,
FFF_2014J,63,0.2342007434944238,13122,0.7155003143809252,
FFF_2014J,64,0.2379182156133829,16236,0.8852966852833944,
FFF_2014J,65,0.241635687732342,19902,1.0851918348429488,
FFF_2014J,66,0.24535315985130113,18380,1.0022020864442467,
FFF_2014J,67,0.24907063197026022,16299,0.8887318719779531,
FFF_2014J,68,0.2527881040892193,14963,0.8158841033441384,
FFF_2014J,71,0.26394052044609667,11977,0.6530671593766454,
FFF_2014J,72,0.26765799256505574,15383,0.8387853479745292,
FFF_2014J,73,0.27137546468401486,14702,0.8016526156095384,
FFF_2014J,74,0.275092936802974,13505,0.7363840684129245,
FFF_2014J,75,0.2788104089219331,12079,0.6586288902154547,
FFF_2014J,78,0.2899628252788104,11010,0.600339769953817,
FFF_2014J,79,0.2936802973977695,11122,0.6064467685219213,
FFF_2014J,85,0.3159851301115242,12345,0.6731330118147022,
FFF_2014J,86,0.31970260223048325,16542,0.9019818777998221,
FFF_2014J,87,0.32342007434944237,17163,0.9358430037890428,
FFF_2014J,89,0.3308550185873606,12085,0.6589560508530317,
FFF_2014J,90,0.3345724907063197,20032,1.0922803153237841,
FFF_2014J,91,0.3382899628252788,22985,1.2532978757846034,
FFF_2014J,92,0.3420074349442379,31735,1.730407138917746,
FFF_2014J,93,0.34572490706319703,37774,2.0596943206390086,
FFF_2014J,94,0.34944237918215615,25874,1.4108257227779346,TMA
FFF_2014J,95,0.35315985130111527,17702,0.9652329343980444,
FFF_2014J,96,0.35687732342007433,18327,0.9993121674789831,
FFF_2014J,97,0.36059479553903345,14164,0.7723172117734663,
FFF_2014J,98,0.3643122676579926,15357,0.8373676518783622,
FFF_2014J,99,0.3680297397769517,19834,1.0814840142837425,
FFF_2014J,100,0.37174721189591076,24001,1.3086970770809774,
FFF_2014J,101,0.3754646840148699,21073,1.1490426859433955,
FFF_2014J,102,0.379182156133829,17960,0.9793008418138559,
FFF_2014J,103,0.3828996282527881,18048,0.984099197831652,
FFF_2014J,104,0.38661710037174724,14000,0.763374821013028,
FFF_2014J,105,0.3903345724907063,14595,0.7958182509060817,
FFF_2014J,106,0.3940520446096654,18337,0.9998574352082782,
FFF_2014J,107,0.39776951672862454,20123,1.0972422516603688,
FFF_2014J,108,0.40148698884758366,19053,1.0388986046258015,
FFF_2014J,109,0.4052044609665427,17002,0.927064193347393,
FFF_2014J,110,0.40892193308550184,14537,0.7926556980761705,
FFF_2014J,111,0.41263940520446096,11408,0.6220414255797588,
FFF_2014J,112,0.4163568773234201,15827,0.8629952351552281,
FFF_2014J,113,0.4200743494423792,19447,1.0603821531600253,
FFF_2014J,114,0.42379182156133827,19955,1.0880817538082124,
FFF_2014J,115,0.4275092936802974,19024,1.037317328210846,
FFF_2014J,116,0.4312267657992565,17604,0.9598893106509532,
FFF_2014J,117,0.4349442379182156,16030,0.874064170059917,
FFF_2014J,118,0.43866171003717475,11161,0.6085733126661718,
FFF_2014J,119,0.4423791821561338,11403,0.6217687917151112,
FFF_2014J,120,0.44609665427509293,14681,0.8005075533780188,
FFF_2014J,121,0.44981412639405205,17207,0.9382421817979408,
FFF_2014J,122,0.45353159851301117,15687,0.8553614869450978,
FFF_2014J,123,0.45724907063197023,14151,0.7716083637253828,
FFF_2014J,124,0.46096654275092935,14107,0.7692091857164847,
FFF_2014J,126,0.4684014869888476,12735,0.694398453257208,
FFF_2014J,127,0.4721189591078067,14936,0.8144118804750419,
FFF_2014J,128,0.4758364312267658,19936,1.087045745122552,
FFF_2014J,129,0.4795539033457249,18014,0.982245287552049,
FFF_2014J,130,0.483271375464684,18745,1.022104358563515,
FFF_2014J,131,0.48698884758364314,18337,0.9998574352082782,
FFF_2014J,132,0.49070631970260226,18106,0.9872617506615632,
FFF_2014J,133,0.4944237918215613,22705,1.2380303793643428,
FFF_2014J,134,0.49814126394052044,32946,1.7964390609353729,
FFF_2014J,135,0.5018587360594795,43678,2.381620388014788,
FFF_2014J,136,0.5055762081784386,33107,1.8052178713770226,TMA
FFF_2014J,137,0.5092936802973977,18276,0.9965313020595785,
FFF_2014J,138,0.5130111524163569,19089,1.0408615684512637,
FFF_2014J,139,0.516728624535316,16724,0.9119057504729914,
FFF_2014J,140,0.5204460966542751,19278,1.0511671285349395,
FFF_2014J,141,0.5241635687732342,24261,1.322874038042648,
FFF_2014J,142,0.5278810408921933,26239,1.430727994897203,
FFF_2014J,143,0.5315985130111525,23601,1.2868863679091767,
FFF_2014J,144,0.5353159851301115,20360,1.1101650968446606,
FFF_2014J,145,0.5390334572490706,18417,1.0042195770426383,
FFF_2014J,146,0.5427509293680297,16113,0.8785898922130657,
FFF_2014J,147,0.5464684014869888,17144,0.9348069951033823,
FFF_2014J,148,0.550185873605948,20962,1.1429902141482209,
FFF_2014J,149,0.5539033457249071,26190,1.4280561830236573,
FFF_2014J,150,0.5576208178438662,21115,1.1513328104064346,
FFF_2014J,151,0.5613382899628253,22123,1.2062957975193727,
FFF_2014J,152,0.5650557620817844,18269,0.996149614649072,
FFF_2014J,153,0.5687732342007435,13670,0.7453809859462923,
FFF_2014J,154,0.5724907063197026,22441,1.2236353113109544,
FFF_2014J,155,0.5762081784386617,21536,1.174288581809755,
FFF_2014J,156,0.5799256505576208,22861,1.2465365559413453,
FFF_2014J,157,0.5836431226765799,20784,1.1332844485667695,
FFF_2014J,158,0.587360594795539,21975,1.1982258351258064,
FFF_2014J,159,0.5910780669144982,17195,0.9375878605227869,
FFF_2014J,160,0.5947955390334573,15601,0.8506721844731606,
FFF_2014J,161,0.5985130111524164,12734,0.6943439264842785,
FFF_2014J,162,0.6022304832713755,14019,0.7644108296986886,
FFF_2014J,163,0.6059479553903345,17587,0.9589623555111516,
FFF_2014J,164,0.6096654275092936,18836,1.0270662949000997,
FFF_2014J,165,0.6133828996282528,16252,0.8861691136502665,
FFF_2014J,166,0.6171003717472119,12669,0.6907996862438608,
FFF_2014J,167,0.620817843866171,11701,0.6380177700481029,
FFF_2014J,168,0.6245353159851301,11566,0.6306566557026201,
FFF_2014J,169,0.6282527881040892,12662,0.6904179988333543,
FFF_2014J,170,0.6319702602230484,15861,0.8648491454348312,
FFF_2014J,171,0.6356877323420075,13263,0.723188589363985,
FFF_2014J,172,0.6394052044609665,14608,0.7965270989541652,
FFF_2014J,173,0.6431226765799256,12271,0.6690980306179191,
FFF_2014J,175,0.6505576208178439,11364,0.6196422475708607,
FFF_2014J,176,0.654275092936803,11408,0.6220414255797588,
FFF_2014J,177,0.6579925650557621,16160,0.8811526505407523,
FFF_2014J,178,0.6617100371747212,15327,0.8357318486904771,
FFF_2014J,179,0.6654275092936803,13533,0.7379108180549505,
FFF_2014J,184,0.6840148698884758,12756,0.6955435154887275,
FFF_2014J,185,0.6877323420074349,11642,0.6348006904452622,
FFF_2014J,190,0.7063197026022305,13129,0.7158820017914317,
FFF_2014J,191,0.7100371747211895,12660,0.6903089452874953,
FFF_2014J,192,0.7137546468401487,14143,0.7711721495419468,
FFF_2014J,193,0.7174721189591078,14367,0.7833861466781552,
FFF_2014J,194,0.7211895910780669,14008,0.763811035196464,
FFF_2014J,195,0.724907063197026,12159,0.6629910320498148,
FFF_2014J,196,0.7286245353159851,14180,0.7731896401403383,
FFF_2014J,197,0.7323420074349443,23006,1.254442938016123,
FFF_2014J,198,0.7360594795539034,32684,1.7821530464278432,
FFF_2014J,199,0.7397769516728625,24156,1.3171487268850504,TMA
FFF_2014J,200,0.7434944237918215,13190,0.7192081349401314,
FFF_2014J,201,0.7472118959107806,13006,0.709175208721103,
FFF_2014J,202,0.7509293680297398,12144,0.6621731304558722,
FFF_2014J,203,0.7546468401486989,12554,0.684529107356968,
FFF_2014J,204,0.758364312267658,15656,0.8536711569842833,
FFF_2014J,205,0.7620817843866171,16045,0.8748820716538596,
FFF_2014J,206,0.7657992565055762,20706,1.1290313602782684,
FFF_2014J,207,0.7695167286245354,20451,1.1151270331812453,
FFF_2014J,208,0.7732342007434945,19078,1.0402617739490392,
FFF_2014J,209,0.7769516728624535,13172,0.7182266530274003,
FFF_2014J,210,0.7806691449814126,12382,0.6751505024130937,
FFF_2014J,211,0.7843866171003717,17018,0.927936621714265,
FFF_2014J,212,0.7881040892193308,22705,1.2380303793643428,
FFF_2014J,213,0.79182156133829,22952,1.2514984922779298,
FFF_2014J,214,0.7955390334572491,20321,1.1080385527004102,
FFF_2014J,215,0.7992565055762082,19761,1.077503559859889,
FFF_2014J,216,0.8029739776951673,15122,0.8245538602399293,
FFF_2014J,217,0.8066914498141264,22729,1.239339021914651,
FFF_2014J,218,0.8104089219330854,23637,1.2888493317346388,
FFF_2014J,219,0.8141263940520446,25628,1.3974121366372771,
FFF_2014J,220,0.8178438661710037,21394,1.1665457800537657,
FFF_2014J,221,0.8215613382899628,20141,1.0982237335730998,
FFF_2014J,222,0.8252788104089219,18121,0.9880796522555058,
FFF_2014J,223,0.828996282527881,13836,0.7544324302525897,
FFF_2014J,224,0.8327137546468402,18798,1.0249942775287786,
FFF_2014J,225,0.8364312267657993,24596,1.3411405069740312,
FFF_2014J,226,0.8401486988847584,25903,1.4124069991928903,
FFF_2014J,227,0.8438661710037175,25928,1.413770168516128,
FFF_2014J,228,0.8475836431226765,22206,1.2108215196725214,
FFF_2014J,229,0.8513011152416357,19923,1.0863368970744682,
FFF_2014J,230,0.8550185873605948,19500,1.063272072125289,
FFF_2014J,231,0.8587360594795539,19733,1.0759768102178628,
FFF_2014J,232,0.862453531598513,24417,1.3313802146196503,
FFF_2014J,233,0.8661710037174721,31829,1.7355326555731192,
FFF_2014J,234,0.8698884758364313,28906,1.5761508983001848,
FFF_2014J,235,0.8736059479553904,32482,1.7711386382960839,
FFF_2014J,236,0.8773234200743495,33975,1.8525471102798303,
FFF_2014J,237,0.8810408921933085,33482,1.825665411225586,
FFF_2014J,238,0.8847583643122676,39599,2.1592056812353495,
FFF_2014J,239,0.8884758364312267,56164,3.06244167481255,
FFF_2014J,240,0.8921933085501859,73321,3.997957517964016,
FFF_2014J,241,0.895910780669145,49712,2.7106349358714033,Exam
FFF_2013J,-18,-0.06716417910447761,26322,1.4764984005477246,
FFF_2013J,-17,-0.06343283582089553,13601,0.7629304287610973,
FFF_2013J,-16,-0.05970149253731343,11305,0.6341392910186167,
FFF_2013J,-12,-0.04477611940298507,11526,0.6465359989633415,
FFF_2013J,-5,-0.018656716417910446,11126,0.6240985185204005,
FFF_2013J,-4,-0.014925373134328358,15182,0.8516145702118211,
FFF_2013J,-3,-0.011194029850746268,12734,0.714297189901023,
FFF_2013J,-2,-0.007462686567164179,24186,1.3566822549824205,
FFF_2013J,-1,-0.0037313432835820895,27977,1.5693334758803925,
FFF_2013J,0,0.0,35087,1.9681596907536667,
FFF_2013J,1,0.0037313432835820895,36598,2.0529172731268757,
FFF_2013J,2,0.007462686567164179,41579,2.332319998342597,
FFF_2013J,3,0.011194029850746268,41343,2.319081884881262,
FFF_2013J,4,0.014925373134328358,36903,2.070025851964618,
FFF_2013J,5,0.018656716417910446,31376,1.7599959659442828,
FFF_2013J,6,0.022388059701492536,28101,1.5762890948177042,
FFF_2013J,7,0.026119402985074626,26232,1.471449967448063,
FFF_2013J,8,0.029850746268656716,33541,1.8814388288417,
FFF_2013J,9,0.033582089552238806,38851,2.1792963817217403,
FFF_2013J,10,0.03731343283582089,31092,1.7440653548297946,
FFF_2013J,11,0.041044776119402986,33167,1.8604597846275506,
FFF_2013J,12,0.04477611940298507,30842,1.7300419295529565,
FFF_2013J,13,0.048507462686567165,25370,1.4230971970935253,
FFF_2013J,14,0.05223880597014925,30388,1.7045753892502187,
FFF_2013J,15,0.055970149253731345,40649,2.2801528563127595,
FFF_2013J,16,0.05970149253731343,50926,2.856627822593018,
FFF_2013J,17,0.06343283582089553,51244,2.8744656195451563,
FFF_2013J,18,0.06716417910447761,58175,3.263251061920214,
FFF_2013J,19,0.0708955223880597,41858,2.3479701409515483,TMA
FFF_2013J,20,0.07462686567164178,29291,1.6430405991354533,
FFF_2013J,21,0.07835820895522388,29823,1.6728824481245648,
FFF_2013J,22,0.08208955223880597,33314,1.8687055586903312,
FFF_2013J,23,0.08582089552238806,37715,2.1155739372637883,
FFF_2013J,24,0.08955223880597014,33818,1.8969767840484368,
FFF_2013J,25,0.09328358208955224,28925,1.6225103045301625,
FFF_2013J,26,0.09701492537313433,25545,1.432913594787312,
FFF_2013J,27,0.10074626865671642,22559,1.2654178032807584,
FFF_2013J,28,0.1044776119402985,22223,1.246570319708688,
FFF_2013J,29,0.10820895522388059,29505,1.6550446511724266,
FFF_2013J,30,0.11194029850746269,32858,1.8431268309853786,
FFF_2013J,31,0.11567164179104478,31528,1.7685222085126002,
FFF_2013J,32,0.11940298507462686,28288,1.586778616924779,
FFF_2013J,33,0.12313432835820895,26266,1.473357153285713,
FFF_2013J,34,0.12686567164179105,20570,1.1538474317782348,
FFF_2013J,35,0.13059701492537312,21045,1.180491939804227,
FFF_2013J,36,0.13432835820895522,27288,1.530684915817427,
FFF_2013J,37,0.13805970149253732,30383,1.704294920744682,
FFF_2013J,38,0.1417910447761194,28581,1.6032140713492333,
FFF_2013J,39,0.1455223880597015,28585,1.6034384461536626,
FFF_2013J,40,0.14925373134328357,25831,1.4489563933040148,
FFF_2013J,41,0.15298507462686567,18809,1.0550664241281875,
FFF_2013J,42,0.15671641791044777,19613,1.1001657598184986,
FFF_2013J,43,0.16044776119402984,29945,1.6797258796596617,
FFF_2013J,44,0.16417910447761194,35649,1.9996843507759987,
FFF_2013J,45,0.16791044776119404,34168,1.91660957943601,
FFF_2013J,46,0.17164179104477612,42867,2.404568685368867,
FFF_2013J,47,0.17537313432835822,36037,2.0214487068056513,TMA
FFF_2013J,48,0.1791044776119403,18769,1.0528226760838935,
FFF_2013J,49,0.1828358208955224,18705,1.0492326792130229,
FFF_2013J,50,0.1865671641791045,24590,1.3793441102297905,
FFF_2013J,51,0.19029850746268656,24757,1.3887117583147184,
FFF_2013J,52,0.19402985074626866,23978,1.3450147651520912,
FFF_2013J,53,0.19776119402985073,27192,1.525299920511121,
FFF_2013J,54,0.20149253731343283,22389,1.2558818740925084,
FFF_2013J,55,0.20522388059701493,15010,0.8419664536213566,
FFF_2013J,56,0.208955223880597,14641,0.8212678779127436,
FFF_2013J,57,0.2126865671641791,17431,0.9777693040022563,
FFF_2013J,58,0.21641791044776118,20027,1.1233885520769424,
FFF_2013J,59,0.22014925373134328,18028,1.0112572435633456,
FFF_2013J,60,0.22388059701492538,16655,0.934240591942951,
FFF_2013J,61,0.22761194029850745,14335,0.8041032053738938,
FFF_2013J,62,0.23134328358208955,12614,0.7075659457681407,
FFF_2013J,64,0.23880597014925373,14851,0.8330475551452875,
FFF_2013J,65,0.24253731343283583,19892,1.11581590242745,
FFF_2013J,66,0.2462686567164179,18902,1.0602831383311713,
FFF_2013J,67,0.25,15383,0.862889404134399,
FFF_2013J,68,0.2537313432835821,14568,0.8171730377319069,
FFF_2013J,71,0.26492537313432835,13024,0.7305643632221551,
FFF_2013J,72,0.26865671641791045,16406,0.9202732603672202,
FFF_2013J,73,0.27238805970149255,16161,0.9065303035959189,
FFF_2013J,74,0.27611940298507465,13054,0.7322471742553757,
FFF_2013J,75,0.2798507462686567,11607,0.651079588753037,
FFF_2013J,85,0.31716417910447764,12052,0.6760412857458087,
FFF_2013J,86,0.3208955223880597,15882,0.8908801609869677,
FFF_2013J,87,0.3246268656716418,12068,0.6769387849635263,
FFF_2013J,89,0.332089552238806,19705,1.1053263803203752,
FFF_2013J,90,0.3358208955223881,17452,0.9789472717255107,
FFF_2013J,91,0.33955223880597013,17611,0.9878661702015796,
FFF_2013J,92,0.34328358208955223,25144,1.4104200206432638,
FFF_2013J,93,0.34701492537313433,27303,1.531526321334037,
FFF_2013J,94,0.35074626865671643,31043,1.7413167634755344,
FFF_2013J,95,0.35447761194029853,36325,2.0376036927245686,
FFF_2013J,96,0.3582089552238806,33876,1.9002302187126632,TMA
FFF_2013J,97,0.3619402985074627,17257,0.9680090000095769,
FFF_2013J,98,0.3656716417910448,17089,0.9585852582235418,
FFF_2013J,99,0.3694029850746269,20154,1.1305124521175762,
FFF_2013J,100,0.373134328358209,22843,1.2813484143952463,
FFF_2013J,101,0.376865671641791,19515,1.0946685771099782,
FFF_2013J,102,0.3805970149253731,20412,1.144984627003273,
FFF_2013J,103,0.3843283582089552,19205,1.077279529766699,
FFF_2013J,104,0.3880597014925373,16734,0.9386719943304317,
FFF_2013J,105,0.3917910447761194,14010,0.7858727525140043,
FFF_2013J,106,0.39552238805970147,17707,0.9932511655078854,
FFF_2013J,107,0.39925373134328357,21113,1.1843063114795271,
FFF_2013J,108,0.40298507462686567,17467,0.9797886772421209,
FFF_2013J,109,0.40671641791044777,17948,1.0067697474747572,
FFF_2013J,110,0.41044776119402987,15511,0.87006939787614,
FFF_2013J,111,0.4141791044776119,12276,0.6886062747938556,
FFF_2013J,113,0.4216417910447761,15851,0.8891412562526397,
FFF_2013J,114,0.4253731343283582,17726,0.9943169458289252,
FFF_2013J,115,0.4291044776119403,14170,0.7948477446911807,
FFF_2013J,116,0.43283582089552236,13888,0.7790293209789074,
FFF_2013J,117,0.43656716417910446,12579,0.7056026662293834,
FFF_2013J,120,0.44776119402985076,12637,0.7088561008936097,
FFF_2013J,121,0.45149253731343286,15537,0.8715278341049312,
FFF_2013J,122,0.4552238805970149,15641,0.8773615790200958,
FFF_2013J,123,0.458955223880597,15129,0.8486416040531315,
FFF_2013J,124,0.4626865671641791,15508,0.8699011167728179,
FFF_2013J,125,0.4664179104477612,11271,0.6322321051809666,
FFF_2013J,126,0.4701492537313433,15118,0.8480245733409506,
FFF_2013J,127,0.47388059701492535,20662,1.1590080522801112,
FFF_2013J,128,0.47761194029850745,24541,1.3765955188755303,
FFF_2013J,129,0.48134328358208955,33082,1.8556918200334256,
FFF_2013J,130,0.48507462686567165,38763,2.1743601360242932,
FFF_2013J,131,0.48880597014925375,24837,1.3931992544033067,TMA
FFF_2013J,132,0.4925373134328358,11662,0.6541647423139414,
FFF_2013J,133,0.4962686567164179,11987,0.6723951951738308,
FFF_2013J,134,0.5,16380,0.9188148241384291,
FFF_2013J,135,0.503731343283582,19734,1.1069530976524884,
FFF_2013J,136,0.5074626865671642,17757,0.9960558505632531,
FFF_2013J,137,0.5111940298507462,18619,1.0444086209177907,
FFF_2013J,138,0.5149253731343284,17883,1.0031236569027795,
FFF_2013J,139,0.5186567164179104,15331,0.8599725316768166,
FFF_2013J,140,0.5223880597014925,14292,0.8016911762262776,
FFF_2013J,141,0.5261194029850746,19530,1.0955099826265886,
FFF_2013J,142,0.5298507462686567,23181,1.3003080853695315,
FFF_2013J,143,0.5335820895522388,23253,1.3043468318492608,
FFF_2013J,144,0.5373134328358209,20861,1.1701706988004743,
FFF_2013J,145,0.5410447761194029,17321,0.9715989968804475,
FFF_2013J,146,0.5447761194029851,14377,0.8064591408204026,
FFF_2013J,147,0.5485074626865671,15520,0.8705742411861062,
FFF_2013J,148,0.5522388059701493,17794,0.9981313175042251,
FFF_2013J,149,0.5559701492537313,21647,1.2142603478708531,
FFF_2013J,150,0.5597014925373134,20236,1.135112135608379,
FFF_2013J,151,0.5634328358208955,20558,1.1531743073649465,
FFF_2013J,152,0.5671641791044776,25790,1.4466565515586134,
FFF_2013J,153,0.5708955223880597,15106,0.8473514489276623,
FFF_2013J,154,0.5746268656716418,16258,0.911971392603332,
FFF_2013J,155,0.5783582089552238,21824,1.2241889329668545,
FFF_2013J,156,0.582089552238806,22142,1.2420267299189924,
FFF_2013J,157,0.585820895522388,18613,1.0440720587111465,
FFF_2013J,158,0.5895522388059702,19518,1.0948368582133003,
FFF_2013J,159,0.5932835820895522,15422,0.8650770584775856,
FFF_2013J,160,0.5970149253731343,11651,0.6535477116017605,
FFF_2013J,162,0.6044776119402985,13680,0.7673618311485781,
FFF_2013J,163,0.6082089552238806,18801,1.0546176745193288,
FFF_2013J,164,0.6119402985074627,18276,1.025168481437969,
FFF_2013J,165,0.6156716417910447,17802,0.9985800671130839,
FFF_2013J,166,0.6194029850746269,16110,0.903669524839444,
FFF_2013J,167,0.6231343283582089,14438,0.8098808565879511,
FFF_2013J,168,0.6268656716417911,14220,0.7976524297465483,
FFF_2013J,169,0.6305970149253731,18768,1.052766582382786,
FFF_2013J,170,0.6343283582089553,24111,1.352475227399369,
FFF_2013J,171,0.6380597014925373,25711,1.4422251491711324,
FFF_2013J,172,0.6417910447761194,30392,1.7047997640546482,
FFF_2013J,173,0.6455223880597015,22934,1.2864529411960155,TMA
FFF_2013J,177,0.6604477611940298,17497,0.9814714882753415,
FFF_2013J,178,0.664179104477612,14902,0.8359083339017626,
FFF_2013J,179,0.667910447761194,16473,0.9240315383414128,
FFF_2013J,180,0.6716417910447762,16282,0.9133176414299086,
FFF_2013J,181,0.6753731343283582,11150,0.6254447673469771,
FFF_2013J,183,0.6828358208955224,13133,0.7366785766428565,
FFF_2013J,184,0.6865671641791045,15835,0.8882437570349221,
FFF_2013J,185,0.6902985074626866,14088,0.7902480612003778,
FFF_2013J,191,0.7126865671641791,12191,0.6838383101997307,
FFF_2013J,192,0.7164179104477612,11388,0.6387950682105269,
FFF_2013J,193,0.7201492537313433,13315,0.7468876302443945,
FFF_2013J,194,0.7238805970149254,12721,0.7135679717866273,
FFF_2013J,198,0.7388059701492538,13045,0.7317423309454095,
FFF_2013J,199,0.7425373134328358,13111,0.7354445152184947,
FFF_2013J,200,0.746268656716418,14344,0.8046080486838599,
FFF_2013J,201,0.75,12226,0.685801589738488,
FFF_2013J,203,0.7574626865671642,11448,0.642160690276968,
FFF_2013J,204,0.7611940298507462,13700,0.7684837051707252,
FFF_2013J,205,0.7649253731343284,15686,0.8798857955699266,
FFF_2013J,206,0.7686567164179104,14879,0.8346181787762934,
FFF_2013J,207,0.7723880597014925,13052,0.7321349868531609,
FFF_2013J,208,0.7761194029850746,20994,1.1776311610477521,
FFF_2013J,209,0.7798507462686567,12739,0.7145776584065597,
FFF_2013J,210,0.7835820895522388,11108,0.6230888319004683,
FFF_2013J,211,0.7873134328358209,16113,0.9038378059427661,
FFF_2013J,212,0.7910447761194029,25031,1.404081432418133,
FFF_2013J,213,0.7947761194029851,24169,1.3557286620635953,
FFF_2013J,214,0.7985074626865671,22252,1.248197037040801,
FFF_2013J,215,0.8022388059701493,18654,1.046371900456548,
FFF_2013J,216,0.8059701492537313,14464,0.8113392928167422,
FFF_2013J,217,0.8097014925373134,19690,1.1044849748037648,
FFF_2013J,218,0.8134328358208955,23997,1.3460805454731308,
FFF_2013J,219,0.8171641791044776,23244,1.3038419885392947,
FFF_2013J,220,0.8208955223880597,17923,1.0053674049470736,
FFF_2013J,221,0.8246268656716418,18734,1.050859396545136,
FFF_2013J,222,0.8283582089552238,17396,0.975806024463499,
FFF_2013J,223,0.832089552238806,14293,0.801747269927385,
FFF_2013J,224,0.835820895522388,18449,1.0348726917295408,
FFF_2013J,225,0.8395522388059702,21239,1.1913741178190533,
FFF_2013J,226,0.8432835820895522,26088,1.4633724744886043,
FFF_2013J,227,0.8470149253731343,23943,1.3430514856133338,
FFF_2013J,228,0.8507462686567164,21172,1.1876158398448609,
FFF_2013J,229,0.8544776119402985,21865,1.226488774712256,
FFF_2013J,230,0.8582089552238806,18385,1.0312826948586702,
FFF_2013J,231,0.8619402985074627,24434,1.3705934928570438,
FFF_2013J,232,0.8656716417910447,30691,1.7215717806857465,
FFF_2013J,233,0.8694029850746269,48401,2.714991227296954,
FFF_2013J,234,0.8731343283582089,49777,2.7921761600206705,
FFF_2013J,235,0.8768656716417911,54672,3.0667548269411595,
FFF_2013J,236,0.8805970149253731,45182,2.5344256034323873,Exam
BBB_2014J,-9,-0.03435114503816794,24653,4.006357005611372,
BBB_2014J,-5,-0.019083969465648856,11726,1.905591297115927,
BBB_2014J,2,0.007633587786259542,15470,2.514028429676223,
BBB_2014J,3,0.011450381679389313,13042,2.119454349052185,
BBB_2014J,9,0.03435114503816794,11248,1.8279115563670432,
BBB_2014J,17,0.0648854961832061,11771,1.9129042434207384,
BBB_2014J,93,0.3549618320610687,12500,2.0313739735586807,
BBB_2014J,95,0.36259541984732824,11864,1.928017665784015,
BBB_2014J,108,0.4122137404580153,11300,1.8363620720970473,
BBB_2014J,109,0.41603053435114506,11614,1.8873901863128413,
BBB_2014J,149,0.5687022900763359,13820,2.2458870651664773,
BBB_2014J,150,0.5725190839694656,12436,2.02097333881406,
BBB_2014J,151,0.5763358778625954,14053,2.283751876033611,
BBB_2014J,198,0.7557251908396947,11135,1.8095479356460726,
BBB_2014J,199,0.7595419847328244,11162,1.8139357034289594,
BBB_2014J,200,0.7633587786259542,13835,2.2483247139347475,
BBB_2014J,233,0.8893129770992366,11447,1.8602510300260973,
BBB_2014J,234,0.8931297709923665,14263,2.3178789587893966,
BBB_2014J,235,0.8969465648854962,14788,2.4031966656788613,
BBB_2014J,236,0.9007633587786259,21336,3.4673116079878405,
AAA_2013J,-10,-0.03731343283582089,11952,5.142079957563216,
BBB_2013J,-10,-0.03731343283582089,16150,3.2800060348629394,
BBB_2013J,2,0.007462686567164179,19872,4.035930645498224,
BBB_2013J,3,0.011194029850746268,12933,2.6266450804261545,
BBB_2013J,4,0.014925373134328358,11490,2.333577048952023,
BBB_2013J,15,0.055970149253731345,11091,2.252541605737762,
BBB_2013J,16,0.05970149253731343,12073,2.4519822203653416,
BBB_2013J,17,0.06343283582089553,12887,2.61730264837639,
BBB_2013J,18,0.06716417910447761,12157,2.469042313673607,
BBB_2013J,30,0.11194029850746269,12635,2.5661223684515937,
BBB_2013J,44,0.16417910447761194,11539,2.3435287700485112,
BBB_2013J,45,0.16791044776119404,12086,2.4546224729011445,
BBB_2013J,46,0.17164179104477612,11385,2.3122519323166912,
BBB_2013J,95,0.35447761194029853,11081,2.250510642248683,
BBB_2013J,165,0.6156716417910447,11817,2.3999895550449133,
BBB_2013J,241,0.8992537313432836,12353,2.5088491980595595,
